"post_type","post_title","post_tags"
"aide","Aide au fonctionnement pour les radios associatives","radio, culture, association"
"aide","Aide au transport sportif","transport, sport, sportif de haut niveau"
"aide","Aide à l'organisation de manifestations sportives","compétition sportive, événement sportif, association, club, collectivité, entreprise"
"aide","Aide au développement des emplois associatifs","embauche, emploi, association, emploi associatif, aide aux employeurs"
"aide","Les aides aux apprentis","apprentissage, apprentis, formation en apprentissage"
"aide","Goncourt des lycéens ? concours de critique littéraire","goncourt, littérature, lycéen, lycée, culture"
"aide","Volontaire à l'international en entreprise (V.I.E.)","vie, volontariat, entreprise, international, étranger, aide aux employeurs"
"aide","Aide aux librairies indépendantes de Bretagne","culture, librairie, association, entreprise, édition"
"aide","Patrimoine - Soutenir les actions de conservation - valorisation du patrimoine naviguant","bateaux du patrimoine, patrimoine culturel, bateaux, patrimoine naviguant"
"aide","Fonds Régional d'Acquisition pour les Musées (FRAM)","musée, collection, achat d'uvres, fram, "
"aide","Patrimoine - Soutenir les actions de sensibilisation aux patrimoines","éducation au patrimoine, sensibilisation au patrimoine, patrimoine culturel"
"aide","Patrimoine - Bénéficier de la ""Prime Skoaz ouzh skoaz""","solidarité, patrimoine culturel, participatif"
"aide","Patrimoine - Soutenir les actions de conservation du patrimoine remarquable","patrimoine culturel, conservation, culturel"
"aide","Patrimoine - Soutenir les actions de valorisation du patrimoine des Musées de France","valorisation du patrimoine, musée, culture, "
"aide","Patrimoine - Soutenir les actions de valorisation et d?interprétation du patrimoine en Cités labellisées","travaux,patrimoine culturel, patrimoine bâti, patrimoine rural, ville d'art et d'histoire"
"aide","Patrimoine - Soutenir et encourager les projets de développement patrimoniaux des territoires","restauration du patrimoine culturel, travaux, "
"aide","Aide à l?expression audiovisuelle en langues de Bretagne","études, travaux, entreprise, association, breton, gallo, langues de bretagne, audiovisuel"
"aide","Aide aux jeunes en service civique sur le territoire de Bretagne","service civique, citoyenneté, aide aux jeunes"
"aide","Aide à la modernisation, à la construction et à l'équipement des cinémas indépendants","cinémas, culture, travaux"
